
[
    {
        "id": 1,
        "name": "Атласная лента 1см, красная",
        "description": "Ярко-красная атласная лента, ширина 1 см, длина 25 м.",
        "photo": "media/red_ribbon.jpg"
    },
    {
        "id": 2,
        "name": "Атласная лента 2.5см, синяя",
        "description": "Насыщенно-синяя лента, ширина 2.5 см, длина 20 м.",
        "photo": "media/blue_ribbon.jpg"
    }
]
